instant;dteday;season;yr;mnth;holiday;weekday;workingday;weathersit;temp_celsius;windspeed_kh;atemp;hum;casual;registered;cnt
1;01/01/2011;1;0;1;0;6;0;2;14,110847;10,749882;0,363625;80,5833;331;654;985
2;02/01/2011;1;0;1;0;0;0;2;14,902598;16,652113;0,353739;69,6087;131;670;801
3;03/01/2011;1;0;1;0;1;1;1;8,050924;16,636703;0,189405;43,7273;120;1229;1349
4;04/01/2011;1;0;1;0;2;1;1;8,2;10,739832;0,212122;59,0435;108;1454;1562
5;05/01/2011;1;0;1;0;3;1;1;9,305237;12,5223;0,22927;43,6957;82;1518;1600
6;06/01/2011;1;0;1;0;4;1;1;8,378268;6,0008684;0,233209;51,8261;88;1518;1606
7;07/01/2011;1;0;1;0;5;1;2;8,057402;11,304642;0,208839;49,8696;148;1362;1510
8;08/01/2011;1;0;1;0;6;0;2;6,765;17,875868;0,162254;53,5833;68;891;959
9;09/01/2011;1;0;1;0;0;0;1;5,671653;24,25065;0,116175;43,4167;54;768;822
10;10/01/2011;1;0;1;0;1;1;1;6,184153;14,958889;0,150888;48,2917;41;1280;1321
11;11/01/2011;1;0;1;0;2;1;2;6,932731;8,182844;0,191464;68,6364;43;1220;1263
12;12/01/2011;1;0;1;0;3;1;1;7,081807;20,410009;0,160473;59,9545;25;1137;1162
13;13/01/2011;1;0;1;0;4;1;1;6,765;20,167;0,150883;47,0417;38;1368;1406
14;14/01/2011;1;0;1;0;5;1;1;6,59567;8,478716;0,188413;53,7826;54;1367;1421
15;15/01/2011;1;0;1;0;6;0;2;9,566653;10,583521;0,248112;49,875;222;1026;1248
16;16/01/2011;1;0;1;0;0;0;1;9,498347;12,625011;0,234217;48,375;251;953;1204
17;17/01/2011;1;0;1;1;1;0;2;7,209153;12,999139;0,176771;53,75;117;883;1000
18;18/01/2011;1;0;1;0;2;1;2;8,883347;9,833925;0,232333;86,1667;9;674;683
19;19/01/2011;1;0;1;0;3;1;2;11,979134;13,957239;0,298422;74,1739;78;1572;1650
20;20/01/2011;1;0;1;0;4;1;2;10,728347;13,125568;0,25505;53,8333;83;1844;1927
21;21/01/2011;1;0;1;0;5;1;1;7,2775;23,667214;0,157833;45,7083;75;1468;1543
22;22/01/2011;1;0;1;0;6;0;1;2,4243464;11,52199;0,0790696;40;93;888;981
23;23/01/2011;1;0;1;0;0;0;1;3,9573897;16,5222;0,0988391;43,6522;150;836;986
24;24/01/2011;1;0;1;0;1;1;1;3,9930433;10,60811;0,11793;49,1739;86;1330;1416
25;25/01/2011;1;0;1;0;2;1;2;9,162598;8,696332;0,234526;61,6957;186;1799;1985
26;26/01/2011;1;0;1;0;3;1;3;8,9175;19,68795;0,2036;86,25;34;472;506
27;27/01/2011;1;0;1;0;4;1;1;7,995;7,627079;0,2197;68,75;15;416;431
28;28/01/2011;1;0;1;0;5;1;2;8,342598;8,2611;0,223317;79,3043;38;1129;1167
29;29/01/2011;1;0;1;0;6;0;1;8,057402;9,739455;0,212126;65,1739;123;975;1098
30;30/01/2011;1;0;1;0;0;0;1;8,877402;4,9568342;0,250322;72,2174;140;956;1096
31;31/01/2011;1;0;1;0;1;1;2;7,414153;12,541864;0,18625;60,375;42;1459;1501
32;01/02/2011;1;0;2;0;2;1;2;7,879134;3,565271;0,23453;82,9565;47;1313;1360
33;02/02/2011;1;0;2;0;3;1;2;10,66;17,708636;0,254417;77,5417;72;1454;1526
34;03/02/2011;1;0;2;0;4;1;1;7,665237;18,609384;0,177878;43,7826;61;1489;1550
35;04/02/2011;1;0;2;0;5;1;2;8,663464;8,565213;0,228587;58,5217;88;1620;1708
36;05/02/2011;1;0;2;0;6;0;2;9,566653;10,792293;0,243058;92,9167;100;905;1005
37;06/02/2011;1;0;2;0;0;0;1;11,719153;9,5006;0,291671;56,8333;354;1269;1623
38;07/02/2011;1;0;2;0;1;1;1;11,138347;3,0423561;0,303658;73,8333;120;1592;1712
39;08/02/2011;1;0;2;0;2;1;1;9,054153;24,25065;0,198246;53,7917;64;1466;1530
40;09/02/2011;1;0;2;0;3;1;2;5,526103;12,652213;0,144283;49,4783;53;1552;1605
41;10/02/2011;1;0;2;0;4;1;1;5,918268;14,869645;0,149548;43,7391;47;1491;1538
42;11/02/2011;1;0;2;0;5;1;1;7,752731;7,27285;0,213509;50,6364;149;1597;1746
43;12/02/2011;1;0;2;0;6;0;1;9,1225;13,625589;0,232954;54,4167;288;1184;1472
44;13/02/2011;1;0;2;0;0;0;1;12,977402;17,479161;0,324113;45,7391;397;1192;1589
45;14/02/2011;1;0;2;0;1;1;1;17,015;27,999836;0,39835;37,5833;208;1705;1913
46;15/02/2011;1;0;2;0;2;1;1;10,909567;19,522058;0,254274;31,4348;140;1675;1815
47;16/02/2011;1;0;2;0;3;1;1;13,048701;16,869997;0,3162;42,3478;218;1897;2115
48;17/02/2011;1;0;2;0;4;1;1;17,869153;15,416968;0,428658;50,5;259;2216;2475
49;18/02/2011;1;0;2;0;5;1;1;21,388347;17,749975;0,511983;51,6667;579;2348;2927
50;19/02/2011;1;0;2;0;6;0;1;16,365847;34,000021;0,391404;18,7917;532;1103;1635
51;20/02/2011;1;0;2;0;0;0;1;11,693897;14,956745;0,27733;40,7826;639;1173;1812
52;21/02/2011;1;0;2;1;1;0;2;12,436653;20,625682;0,284075;60,5;195;912;1107
53;22/02/2011;1;0;2;0;2;1;1;7,471102;13,110761;0,186033;57,7778;74;1376;1450
54;23/02/2011;1;0;2;0;3;1;1;9,091299;6,305571;0,245717;42,3043;139;1778;1917
55;24/02/2011;1;0;2;0;4;1;2;12,121732;16,783232;0,289191;69,7391;100;1707;1807
56;25/02/2011;1;0;2;0;5;1;2;14,938268;23,218113;0,350461;71,2174;120;1341;1461
57;26/02/2011;1;0;2;0;6;0;1;11,5825;12,500257;0,282192;53,7917;424;1545;1969
58;27/02/2011;1;0;2;0;0;0;1;14,082598;8,391616;0,351109;68;694;1708;2402
59;28/02/2011;1;0;2;0;1;1;2;16,698193;19,408962;0,400118;87,6364;81;1365;1446
60;01/03/2011;1;0;3;0;2;1;1;10,933347;14,500475;0,263879;53,5;137;1714;1851
61;02/03/2011;1;0;3;0;3;1;1;99;20,624811;0,320071;44,9583;231;1903;2134
62;03/03/2011;1;0;3;0;4;1;1;8,131653;15,125518;0,200133;31,8333;123;1562;1685
63;04/03/2011;1;0;3;0;5;1;2;10,728347;13,624182;0,255679;61,0417;214;1730;1944
64;05/03/2011;1;0;3;0;6;0;2;15,750847;16,875357;0,378779;78,9167;640;1437;2077
65;06/03/2011;1;0;3;0;0;0;2;15,437402;23,000229;0,366252;94,8261;114;491;605
66;07/03/2011;1;0;3;0;1;1;1;10,731299;22,870584;0,238461;55,1304;244;1628;1872
67;08/03/2011;1;0;3;0;2;1;1;11,9925;8,08355;0,3024;42,0833;316;1817;2133
68;09/03/2011;1;0;3;0;3;1;2;12,129153;14,75005;0,286608;77,5417;191;1700;1891
69;10/03/2011;1;0;3;0;4;1;3;15,952731;17,545759;0,385668;0;46;577;623
70;11/03/2011;1;0;3;0;5;1;2;12,977402;15,60899;0,305;64,9565;247;1730;1977
71;12/03/2011;1;0;3;0;6;0;1;13,495847;14,791925;0,32575;59,4583;724;1408;2132
72;13/03/2011;1;0;3;0;0;0;1;15,758268;18,130468;0,380091;52,7391;982;1435;2417
73;14/03/2011;1;0;3;0;1;1;1;13,333897;9,174042;0,332;49,6957;359;1687;2046
74;15/03/2011;1;0;3;0;2;1;2;13,013031;12,348703;0,318178;65,5652;289;1767;2056
75;16/03/2011;1;0;3;0;3;1;2;14,973897;13,608839;0,36693;77,6522;321;1871;2192
76;17/03/2011;1;0;3;0;4;1;1;17,015;14,041793;0,410333;60,2917;424;2320;2744
77;18/03/2011;1;0;3;0;5;1;1;22,14;15,478139;0,527009;52,5217;884;2355;3239
78;19/03/2011;1;0;3;0;6;0;1;19,3725;24,667189;0,466525;37,9167;1424;1693;3117
79;20/03/2011;1;0;3;0;0;0;1;13,6325;13,917307;0,32575;47,375;1047;1424;2471
80;21/03/2011;2;0;3;0;1;1;2;17,647835;19,348461;0,409735;73,7391;401;1676;2077
81;22/03/2011;2;0;3;0;2;1;1;18,108347;15,12525;0,440642;62,4583;460;2243;2703
82;23/03/2011;2;0;3;0;3;1;2;14,225237;15,695487;0,337939;83,9565;203;1918;2121
83;24/03/2011;2;0;3;0;4;1;2;11,685;16,333729;0,270833;80,5833;166;1699;1865
84;25/03/2011;2;0;3;0;5;1;1;10,830847;15,458575;0,256312;49,5;300;1910;2210
85;26/03/2011;2;0;3;0;6;0;1;10,899153;14,041257;0,257571;39,4167;981;1515;2496
86;27/03/2011;2;0;3;0;0;0;2;10,374763;12,3481;0,250339;49,3913;472;1221;1693
87;28/03/2011;2;0;3;0;1;1;1;10,838268;14,217668;0,257574;30,2174;222;1806;2028
88;29/03/2011;2;0;3;0;2;1;1;12,4025;15,208732;0,292908;31,4167;317;2108;2425
89;30/03/2011;2;0;3;0;3;1;2;12,3;11,583496;0,29735;64,6667;168;1368;1536
90;31/03/2011;2;0;3;0;4;1;3;11,001653;14,582282;0,257575;91,8333;179;1506;1685
91;01/04/2011;2;0;4;0;5;1;2;12,3;17,333436;0,283454;68,625;307;1920;2227
92;02/04/2011;2;0;4;0;6;0;2;12,915;13,208782;0,315637;65,375;898;1354;2252
93;03/04/2011;2;0;4;0;0;0;1;15,511653;12,208271;0,378767;48;1651;1598;3249
94;04/04/2011;2;0;4;0;1;1;1;23,506653;25,833257;0,542929;42,625;734;2381;3115
95;05/04/2011;2;0;4;0;2;1;2;16,980847;26,000489;0,39835;64,2083;167;1628;1795
96;06/04/2011;2;0;4;0;3;1;1;16,024153;17,625221;0,387608;47,0833;413;2395;2808
97;07/04/2011;2;0;4;0;4;1;1;17,9375;10,874904;0,433696;60,2917;571;2570;3141
98;08/04/2011;2;0;4;0;5;1;2;13,769153;15,208464;0,324479;83,625;172;1299;1471
99;09/04/2011;2;0;4;0;6;0;2;14,0425;8,916561;0,341529;87,75;879;1576;2455
100;10/04/2011;2;0;4;0;0;0;2;17,493347;9,833389;0,426737;85,75;1188;1707;2895
101;11/04/2011;2;0;4;0;1;1;2;24,421732;21,739758;0,565217;71,6956;855;2493;3348
102;12/04/2011;2;0;4;0;2;1;2;20,6025;18,416893;0,493054;73,9167;257;1777;2034
103;13/04/2011;2;0;4;0;3;1;2;16,9125;16,791339;0,417283;81,9167;209;1953;2162
104;14/04/2011;2;0;4;0;4;1;1;19,1675;7,4169;0,462742;54,0417;529;2738;3267
105;15/04/2011;2;0;4;1;5;0;1;18,313347;15,167125;0,441913;67,125;642;2484;3126
106;16/04/2011;2;0;4;0;6;0;3;17,664153;22,834136;0,425492;88,8333;121;674;795
107;17/04/2011;2;0;4;0;0;0;1;18,723347;20,334232;0,445696;47,9583;1558;2186;3744
108;18/04/2011;2;0;4;0;1;1;1;21,0125;10,958989;0,503146;54,25;669;2760;3429
109;19/04/2011;2;0;4;0;2;1;2;20,739153;10,584057;0,489258;66,5833;409;2795;3204
110;20/04/2011;2;0;4;0;3;1;1;24,395;16,208975;0,564392;61,4167;613;3331;3944
111;21/04/2011;2;0;4;0;4;1;1;18,825847;21,792286;0,453892;40,7083;745;3444;4189
112;22/04/2011;2;0;4;0;5;1;2;13,803347;14,707907;0,321954;72,9583;177;1506;1683
113;23/04/2011;2;0;4;0;6;0;2;18,86;15,458575;0,450121;88,7917;1462;2574;4036
114;24/04/2011;2;0;4;0;0;0;2;23,848347;12,875725;0,551763;81,0833;1710;2481;4191
115;25/04/2011;2;0;4;0;1;1;1;24,873347;12,417311;0,5745;77,6667;773;3300;4073
116;26/04/2011;2;0;4;0;2;1;1;25,898347;21,8755;0,594083;72,9167;678;3722;4400
117;27/04/2011;2;0;4;0;3;1;2;25,42;20,9174;0,575142;83,5417;547;3325;3872
118;28/04/2011;2;0;4;0;4;1;2;25,3175;21,500836;0,578929;70,0833;569;3489;4058
119;29/04/2011;2;0;4;0;5;1;1;20,91;16,084221;0,497463;45,7083;878;3717;4595
120;30/04/2011;2;0;4;0;6;0;1;19,3725;15,750025;0,464021;50,3333;1965;3347;5312
121;01/05/2011;2;0;5;0;0;0;2;18,518347;7,125718;0,448204;76,2083;1138;2213;3351
122;02/05/2011;2;0;5;0;1;1;2;22,515847;12,291418;0,532833;73;847;3554;4401
123;03/05/2011;2;0;5;0;2;1;2;25,283347;22,958689;0,582079;69,7083;603;3848;4451
124;04/05/2011;2;0;5;0;3;1;2;16,980847;22,042732;0,40465;73,7083;255;2378;2633
125;05/05/2011;2;0;5;0;4;1;1;18,825847;19,791264;0,441917;44,4167;614;3819;4433
126;06/05/2011;2;0;5;0;5;1;1;19,645847;15,292482;0,474117;59;894;3714;4608
127;07/05/2011;2;0;5;0;6;0;1;21,32;10,75015;0,512621;54,125;1612;3102;4714
128;08/05/2011;2;0;5;0;0;0;1;21,661653;5,0007125;0,518933;63,1667;1401;2932;4333
129;09/05/2011;2;0;5;0;1;1;1;21,8325;11,792;0,525246;58,875;664;3698;4362
130;10/05/2011;2;0;5;0;2;1;1;21,8325;7,749957;0,522721;48,9167;694;4109;4803
131;11/05/2011;2;0;5;0;3;1;1;22,2425;8,083014;0,5284;63,2917;550;3632;4182
132;12/05/2011;2;0;5;0;4;1;1;21,935;12,707689;0,523363;74,75;695;4169;4864
133;13/05/2011;2;0;5;0;5;1;2;21,0125;12,041575;0,4943;86,3333;692;3413;4105
134;14/05/2011;2;0;5;0;6;0;2;21,354153;9,04165;0,500629;92,25;902;2507;3409
135;15/05/2011;2;0;5;0;0;0;2;23,0625;10,249593;0,536;86,7083;1582;2971;4553
136;16/05/2011;2;0;5;0;1;1;1;23,6775;8,500357;0,550512;78,7917;773;3185;3958
137;17/05/2011;2;0;5;0;2;1;2;23,028347;18,582718;0,538529;83,7917;678;3445;4123
138;18/05/2011;2;0;5;0;3;1;2;22,55;13,499964;0,527158;87;536;3319;3855
139;19/05/2011;2;0;5;0;4;1;2;21,764153;7,250271;0,510742;82,9583;735;3840;4575
140;20/05/2011;2;0;5;0;5;1;1;22,003347;8,375871;0,529042;71,9583;909;4008;4917
141;21/05/2011;2;0;5;0;6;0;1;24,7025;8,08355;0,571975;62,6667;2258;3547;5805
142;22/05/2011;2;0;5;0;0;0;1;24,770847;9,916536;0,5745;74,9583;1576;3084;4660
143;23/05/2011;2;0;5;0;1;1;2;25,898347;15,667414;0,590296;81;836;3438;4274
144;24/05/2011;2;0;5;0;2;1;2;27,06;13,875164;0,604813;74,0833;659;3833;4492
145;25/05/2011;2;0;5;0;3;1;1;27,094153;10,333611;0,615542;69,625;740;4238;4978
146;26/05/2011;2;0;5;0;4;1;1;29,041653;13,376014;0,654688;67,75;758;3919;4677
147;27/05/2011;2;0;5;0;5;1;1;27,948347;16,125493;0,637008;65,375;871;3808;4679
148;28/05/2011;2;0;5;0;6;0;1;26,889153;15,416164;0,612379;72,9583;2001;2757;4758
149;29/05/2011;2;0;5;0;0;0;1;27,3675;14,333846;0,61555;81,875;2355;2433;4788
150;30/05/2011;2;0;5;1;1;0;1;30,066653;8,792075;0,671092;68,5;1549;2549;4098
151;31/05/2011;2;0;5;0;2;1;1;31,775;7,459043;0,725383;63,6667;673;3309;3982
152;01/06/2011;2;0;6;0;3;1;2;31,330847;13,875164;0,720967;67,7083;513;3461;3974
153;02/06/2011;2;0;6;0;4;1;1;29,315;19,583229;0,643942;30,5;736;4232;4968
154;03/06/2011;2;0;6;0;5;1;1;25,42;16,959107;0,587133;35,4167;898;4414;5312
155;04/06/2011;2;0;6;0;6;0;1;26,035;8,250514;0,594696;45,625;1869;3473;5342
156;05/06/2011;2;0;6;0;0;0;2;26,581653;9,292364;0,616804;65,25;1685;3221;4906
157;06/06/2011;2;0;6;0;1;1;1;27,811653;8,167032;0,621858;60;673;3875;4548
158;07/06/2011;2;0;6;0;2;1;1;29,0075;12,583136;0,65595;59,7917;763;4070;4833
159;08/06/2011;2;0;6;0;3;1;1;31,809153;9,166739;0,727279;62,2083;676;3725;4401
160;09/06/2011;2;0;6;0;4;1;2;33,141653;10,042161;0,757579;56,8333;563;3352;3915
161;10/06/2011;2;0;6;0;5;1;1;30,955;9,417118;0,703292;60,5;815;3771;4586
162;11/06/2011;2;0;6;0;6;0;1;29,725;10,37495;0,678038;65,4583;1729;3237;4966
163;12/06/2011;2;0;6;0;0;0;1;28,3925;10,958989;0,643325;74,7917;1467;2993;4460
164;13/06/2011;2;0;6;0;1;1;1;26,035;20,45845;0,601654;49,4583;863;4157;5020
165;14/06/2011;2;0;6;0;2;1;1;24,770847;18,041961;0,591546;50,7083;727;4164;4891
166;15/06/2011;2;0;6;0;3;1;1;25,693347;11,250104;0,587754;47,1667;769;4411;5180
167;16/06/2011;2;0;6;0;4;1;2;25,761653;13,833557;0,595346;68,8333;545;3222;3767
168;17/06/2011;2;0;6;0;5;1;1;26,615847;9,582943;0,600383;73,5833;863;3981;4844
169;18/06/2011;2;0;6;0;6;0;1;28,563347;8,000336;0,643954;67,0417;1807;3312;5119
170;19/06/2011;2;0;6;0;0;0;2;28,665847;6,834;0,645846;66,6667;1639;3105;4744
171;20/06/2011;2;0;6;0;1;1;2;26,035;10,416825;0,595346;74,625;699;3311;4010
172;21/06/2011;3;0;6;0;2;1;2;27,914153;11,458675;0,637646;77,0417;774;4061;4835
173;22/06/2011;3;0;6;0;3;1;1;30,066653;11,541554;0,693829;70,75;661;3846;4507
174;23/06/2011;3;0;6;0;4;1;2;29,861653;15,999868;0,693833;70,3333;746;4044;4790
175;24/06/2011;3;0;6;0;5;1;1;29,690847;14,875675;0,656583;57,3333;969;4022;4991
176;25/06/2011;3;0;6;0;6;0;1;28,495;14,041257;0,643313;48,3333;1782;3420;5202
177;26/06/2011;3;0;6;0;0;0;1;27,88;6,3337311;0,637629;51,3333;1920;3385;5305
178;27/06/2011;3;0;6;0;1;1;2;27,9825;7,208396;0,637004;65,8333;854;3854;4708
179;28/06/2011;3;0;6;0;2;1;1;30,510847;9,666961;0,692558;63,4167;732;3916;4648
180;29/06/2011;3;0;6;0;3;1;1;29,861653;17,542007;0,654688;49,7917;848;4377;5225
181;30/06/2011;3;0;6;0;4;1;1;28,563347;12,415904;0,637008;43,4167;1027;4488;5515
182;01/07/2011;3;0;7;0;5;1;1;29,6225;6,874736;0,652162;39,625;1246;4116;5362
183;02/07/2011;3;0;7;0;6;0;1;30,271653;7,709154;0,667308;44,4583;2204;2915;5119
184;03/07/2011;3;0;7;0;0;0;2;29,383347;15,333486;0,668575;68,25;2282;2367;4649
185;04/07/2011;3;0;7;1;1;0;2;99;5,4591064;0,665417;63,7917;3065;2978;6043
186;05/07/2011;3;0;7;0;2;1;1;99;8,459286;0,696338;59,0417;1031;3634;4665
187;06/07/2011;3;0;7;0;3;1;1;29,52;10,042161;0,685633;74,3333;784;3845;4629
188;07/07/2011;3;0;7;0;4;1;1;30,75;10,6664;0,686871;65,125;754;3838;4592
189;08/07/2011;3;0;7;0;5;1;2;29,075847;15,083643;0,670483;75,7917;692;3348;4040
190;09/07/2011;3;0;7;0;6;0;1;30,066653;11,250104;0,664158;60,9167;1988;3348;5336
191;10/07/2011;3;0;7;0;0;0;1;30,6475;12,292557;0,690025;57,8333;1743;3138;4881
192;11/07/2011;3;0;7;0;1;1;1;31,2625;18,916579;0,729804;63,5833;723;3363;4086
193;12/07/2011;3;0;7;0;2;1;1;32,560847;13,417018;0,739275;55,9167;662;3596;4258
194;13/07/2011;3;0;7;0;3;1;1;30,613347;9,790911;0,689404;63,1667;748;3594;4342
195;14/07/2011;3;0;7;0;4;1;1;27,914153;16,124689;0,635104;47,625;888;4196;5084
196;15/07/2011;3;0;7;0;5;1;1;27,196653;12,249811;0,624371;59,125;1318;4220;5538
197;16/07/2011;3;0;7;0;6;0;1;28,153347;13,958914;0,638263;58,5;2418;3505;5923
198;17/07/2011;3;0;7;0;0;0;1;29,485847;16,417211;0,669833;60,4167;2006;3296;5302
199;18/07/2011;3;0;7;0;1;1;1;30,613347;14,458868;0,703925;65,125;841;3617;4458
200;19/07/2011;3;0;7;0;2;1;1;31,843347;8,7502;0,747479;65,0417;752;3789;4541
201;20/07/2011;3;0;7;0;3;1;1;31,501653;7,625739;0,74685;70,7083;644;3688;4332
202;21/07/2011;3;0;7;0;4;1;2;33,415;14,875407;0,826371;69,125;632;3152;3784
203;22/07/2011;3;0;7;0;5;1;1;34,781653;8,9177;0,840896;58,0417;562;2825;3387
204;23/07/2011;3;0;7;0;6;0;1;34,815847;8,791807;0,804287;50;987;2298;3285
205;24/07/2011;3;0;7;0;0;0;1;34,03;11,334457;0,794829;55,0833;1050;2556;3606
206;25/07/2011;3;0;7;0;1;1;1;30,476653;6,0841561;0,720958;75,7083;568;3272;3840
207;26/07/2011;3;0;7;0;2;1;1;31,638347;13,417286;0,696979;54,0833;750;3840;4590
208;27/07/2011;3;0;7;0;3;1;1;31,775;12,292021;0,690667;40,2917;755;3901;4656
209;28/07/2011;3;0;7;0;4;1;1;31,945847;11,958093;0,7399;58,3333;606;3784;4390
210;29/07/2011;3;0;7;0;5;1;1;34,371653;11,667246;0,785967;54,25;670;3176;3846
211;30/07/2011;3;0;7;0;6;0;1;32,970847;11,291979;0,728537;46,5833;1559;2916;4475
212;31/07/2011;3;0;7;0;0;0;1;33,039153;11,042471;0,729796;48,0833;1524;2778;4302
213;01/08/2011;3;0;8;0;1;1;1;31,638347;10,500039;0,703292;55,0833;729;3537;4266
214;02/08/2011;3;0;8;0;2;1;1;32,116653;13,79195;0,707071;49,125;801;4044;4845
215;03/08/2011;3;0;8;0;3;1;2;29,998347;9,084061;0,679937;65,75;467;3107;3574
216;04/08/2011;3;0;8;0;4;1;2;29,11;13,20905;0,664788;75,75;799;3777;4576
217;05/08/2011;3;0;8;0;5;1;1;29,144153;12,374632;0,656567;63,0833;1023;3843;4866
218;06/08/2011;3;0;8;0;6;0;2;29,383347;15,29275;0,676154;75,5;1521;2773;4294
219;07/08/2011;3;0;8;0;0;0;1;30,4425;13,499629;0,715292;75,2917;1298;2487;3785
220;08/08/2011;3;0;8;0;1;1;1;31,365;12,875725;0,703283;59,2083;846;3480;4326
221;09/08/2011;3;0;8;0;2;1;1;31,775;10,125107;0,724121;57,0417;907;3695;4602
222;10/08/2011;3;0;8;0;3;1;1;31,433347;13,417286;0,684983;42,4167;884;3896;4780
223;11/08/2011;3;0;8;0;4;1;1;29,4175;11,041332;0,651521;42,375;812;3980;4792
224;12/08/2011;3;0;8;0;5;1;1;29,041653;8,416607;0,654042;41,5;1051;3854;4905
225;13/08/2011;3;0;8;0;6;0;2;28,119153;14,167418;0,645858;72,9583;1504;2646;4150
226;14/08/2011;3;0;8;0;0;0;2;27,743347;14,916411;0,624388;81,75;1338;2482;3820
227;15/08/2011;3;0;8;0;1;1;1;27,299153;13,999918;0,616167;71,2083;775;3563;4338
228;16/08/2011;3;0;8;0;2;1;1;28,734153;15,834043;0,645837;57,8333;721;4004;4725
229;17/08/2011;3;0;8;0;3;1;1;29,656653;9,625689;0,666671;57,5417;668;4026;4694
230;18/08/2011;3;0;8;0;4;1;1;29,178347;15,624936;0,662258;65,4583;639;3166;3805
231;19/08/2011;3;0;8;0;5;1;2;28,085;9,333636;0,633221;72,2917;797;3356;4153
232;20/08/2011;3;0;8;0;6;0;1;28,5975;6,999289;0,648996;67,4167;1914;3277;5191
233;21/08/2011;3;0;8;0;0;0;1;29,144153;16,666518;0,675525;77;1249;2624;3873
234;22/08/2011;3;0;8;0;1;1;1;28,358347;18,54225;0,638254;47;833;3925;4758
235;23/08/2011;3;0;8;0;2;1;1;26,274153;9,833121;0,606067;45,5417;1281;4614;5895
236;24/08/2011;3;0;8;0;3;1;1;27,606653;16,958236;0,630692;60,5;949;4181;5130
237;25/08/2011;3;0;8;0;4;1;2;28,050847;14,125811;0,645854;77,1667;435;3107;3542
238;26/08/2011;3;0;8;0;5;1;1;28,7;5,6254875;0,659733;76,125;768;3893;4661
239;27/08/2011;3;0;8;0;6;0;2;27,88;25,166339;0,635556;85;226;889;1115
240;28/08/2011;3;0;8;0;0;0;1;28,989419;20,412153;0,647959;56,1765;1415;2919;4334
241;29/08/2011;3;0;8;0;1;1;1;26,103347;10,708275;0,607958;55,4583;729;3905;4634
242;30/08/2011;3;0;8;0;2;1;1;26,205847;8,375536;0,594704;54,8333;775;4429;5204
243;31/08/2011;3;0;8;0;3;1;1;26,923347;5,5833311;0,611121;59,7917;688;4370;5058
244;01/09/2011;3;0;9;0;4;1;1;26,855;9,500332;0,614921;63,9167;783;4332;5115
245;02/09/2011;3;0;9;0;5;1;2;26,376653;9,375243;0,604808;72,7083;875;3852;4727
246;03/09/2011;3;0;9;0;6;0;1;27,435847;12,416775;0,633213;71,6667;1935;2549;4484
247;04/09/2011;3;0;9;0;0;0;1;29,075847;13,833289;0,665429;74,2083;2521;2419;4940
248;05/09/2011;3;0;9;1;1;0;2;27,606653;14,250632;0,625646;79,0417;1236;2115;3351
249;06/09/2011;3;0;9;0;2;1;3;22,14;23,044181;0,5152;88,6957;204;2506;2710
250;07/09/2011;3;0;9;0;3;1;3;24,565847;6,5003936;0,544229;91,7083;118;1878;1996
251;08/09/2011;3;0;9;0;4;1;3;25,990433;12,914116;0,555361;93,9565;153;1689;1842
252;09/09/2011;3;0;9;0;5;1;2;26,65;8,333393;0,578946;89,7917;417;3127;3544
253;10/09/2011;3;0;9;0;6;0;1;27,06;10,291736;0,607962;75,375;1750;3595;5345
254;11/09/2011;3;0;9;0;0;0;1;26,786653;7,708618;0,609229;71,375;1633;3413;5046
255;12/09/2011;3;0;9;0;1;1;1;26,418268;5,957171;0,60213;69,2174;690;4023;4713
256;13/09/2011;3;0;9;0;2;1;1;26,684153;9,500868;0,603554;71,25;701;4062;4763
257;14/09/2011;3;0;9;0;3;1;1;27,606653;11,2091;0,6269;69,7083;647;4138;4785
258;15/09/2011;3;0;9;0;4;1;2;23,6775;18,166782;0,553671;70,9167;428;3231;3659
259;16/09/2011;3;0;9;0;5;1;2;19,235847;11,000261;0,461475;59,0417;742;4018;4760
260;17/09/2011;3;0;9;0;6;0;2;20,158347;12,708225;0,478512;71,8333;1434;3077;4511
261;18/09/2011;3;0;9;0;0;0;1;20,8075;11,958361;0,490537;69,5;1353;2921;4274
262;19/09/2011;3;0;9;0;1;1;2;22,515847;10,166714;0,529675;69;691;3848;4539
263;20/09/2011;3;0;9;0;2;1;2;23,028347;9,041918;0,532217;88,125;438;3203;3641
264;21/09/2011;3;0;9;0;3;1;2;24,395;6,4590814;0,550533;90;539;3813;4352
265;22/09/2011;3;0;9;0;4;1;2;25,761653;8,584375;0,554963;90,2083;555;4240;4795
266;23/09/2011;4;0;9;0;5;1;2;24,975847;5,2505689;0,522125;97,25;258;2137;2395
267;24/09/2011;4;0;9;0;6;0;2;24,873347;5,2516811;0,564412;86,25;1776;3647;5423
268;25/09/2011;4;0;9;0;0;0;2;26,000847;3,3754064;0,572637;84,5;1544;3466;5010
269;26/09/2011;4;0;9;0;1;1;2;26,615847;7,4169;0,589042;84,8333;684;3946;4630
270;27/09/2011;4;0;9;0;2;1;2;26,103347;7,917457;0,574525;88,5417;477;3643;4120
271;28/09/2011;4;0;9;0;3;1;2;26,035;9,958143;0,575158;84,875;480;3427;3907
272;29/09/2011;4;0;9;0;4;1;1;25,283347;11,583161;0,574512;69,9167;653;4186;4839
273;30/09/2011;4;0;9;0;5;1;1;23,130847;13,833825;0,544829;64,75;830;4372;5202
274;01/10/2011;4;0;10;0;6;0;2;16,81;19,583832;0,412863;75,375;480;1949;2429
275;02/10/2011;4;0;10;0;0;0;2;14,623347;14,874871;0,345317;79,1667;616;2302;2918
276;03/10/2011;4;0;10;0;1;1;2;15,750847;5,5841686;0,392046;76,0833;330;3240;3570
277;04/10/2011;4;0;10;0;2;1;1;19,850847;13,792218;0,472858;71;486;3970;4456
278;05/10/2011;4;0;10;0;3;1;1;22,071653;11,87575;0,527138;64,7917;559;4267;4826
279;06/10/2011;4;0;10;0;4;1;1;20,260847;9,041918;0,480425;62,0833;639;4126;4765
280;07/10/2011;4;0;10;0;5;1;1;20,944153;1,5002439;0,504404;68,4167;949;4036;4985
281;08/10/2011;4;0;10;0;6;0;1;21,388347;3,0420814;0,513242;70,125;2235;3174;5409
282;09/10/2011;4;0;10;0;0;0;1;22,174153;4,25115;0,523983;72,75;2397;3114;5511
283;10/10/2011;4;0;10;1;1;0;1;23,404153;2,8343814;0,542925;73,375;1514;3603;5117
284;11/10/2011;4;0;10;0;2;1;2;23,233347;9,583814;0,546096;80,875;667;3896;4563
285;12/10/2011;4;0;10;0;3;1;3;22,276653;16,62605;0,517717;90,625;217;2199;2416
286;13/10/2011;4;0;10;0;4;1;2;24,155847;9,499729;0,551804;89,6667;290;2623;2913
287;14/10/2011;4;0;10;0;5;1;2;22,584153;15,000161;0,529675;71,625;529;3115;3644
288;15/10/2011;4;0;10;0;6;0;1;20,773347;17,291561;0,498725;48,3333;1899;3318;5217
289;16/10/2011;4;0;10;0;0;0;1;20,978347;18,875039;0,503154;48,6667;1748;3293;5041
290;17/10/2011;4;0;10;0;1;1;1;21,900847;11,750393;0,510725;57,9583;713;3857;4570
291;18/10/2011;4;0;10;0;2;1;2;21,8325;7,375829;0,522721;70,1667;637;4111;4748
292;19/10/2011;4;0;10;0;3;1;3;22,211299;16,303713;0,513848;89,5217;254;2170;2424
293;20/10/2011;4;0;10;0;4;1;1;19,509153;28,292425;0,466525;63,625;471;3724;4195
294;21/10/2011;4;0;10;0;5;1;1;17,5275;14,833532;0,423596;57,4167;676;3628;4304
295;22/10/2011;4;0;10;0;6;0;1;17,3225;6,2086689;0,425492;62,9167;1499;2809;4308
296;23/10/2011;4;0;10;0;0;0;1;17,288347;6,6673375;0,422333;74,125;1619;2762;4381
297;24/10/2011;4;0;10;0;1;1;1;18,996653;7,959064;0,457067;77,2083;699;3488;4187
298;25/10/2011;4;0;10;0;2;1;1;19,338347;11,166086;0,463375;62,2917;695;3992;4687
299;26/10/2011;4;0;10;0;3;1;2;19,850847;9,959014;0,472846;72,0417;404;3490;3894
300;27/10/2011;4;0;10;0;4;1;2;19,27;13,250121;0,457046;81,2917;240;2419;2659
301;28/10/2011;4;0;10;0;5;1;2;13,564153;15,375093;0,318812;58,5833;456;3291;3747
302;29/10/2011;4;0;10;0;6;0;3;10,420847;23,541857;0,227913;88,25;57;570;627
303;30/10/2011;4;0;10;0;0;0;1;13,085847;11,833339;0,321329;62,375;885;2446;3331
304;31/10/2011;4;0;10;0;1;1;1;13,94;7,12545;0,356063;70,3333;362;3307;3669
305;01/11/2011;4;0;11;0;2;1;1;16,434153;9,083257;0,397088;68,375;410;3658;4068
306;02/11/2011;4;0;11;0;3;1;1;15,4775;5,5001439;0,390133;71,875;370;3816;4186
307;03/11/2011;4;0;11;0;4;1;1;16,741653;9,166739;0,405921;70,2083;318;3656;3974
308;04/11/2011;4;0;11;0;5;1;2;16,536653;18,209193;0,403392;62,25;470;3576;4046
309;05/11/2011;4;0;11;0;6;0;1;13,393347;12,667154;0,323854;51,9167;1156;2770;3926
310;06/11/2011;4;0;11;0;0;0;1;14,281653;6,1676314;0,362358;73,4583;952;2697;3649
311;07/11/2011;4;0;11;0;1;1;1;16,195;3,834075;0,400871;75,875;373;3662;4035
312;08/11/2011;4;0;11;0;2;1;1;16,741653;4,6255125;0,412246;72,1667;376;3829;4205
313;09/11/2011;4;0;11;0;3;1;1;16,4;4,1671186;0,409079;75,8333;305;3804;4109
314;10/11/2011;4;0;11;0;4;1;2;15,58;12,667489;0,373721;81,3333;190;2743;2933
315;11/11/2011;4;0;11;1;5;0;1;13,290847;21,083225;0,306817;44,625;440;2928;3368
316;12/11/2011;4;0;11;0;6;0;1;14,623347;14,208154;0,357942;55,2917;1275;2792;4067
317;13/11/2011;4;0;11;0;0;0;1;18,074153;18,875307;0,43055;45,8333;1004;2713;3717
318;14/11/2011;4;0;11;0;1;1;1;21,73;20,541932;0,524612;58,7083;595;3891;4486
319;15/11/2011;4;0;11;0;2;1;2;21,73;13,375411;0,507579;68,875;449;3746;4195
320;16/11/2011;4;0;11;0;3;1;3;18,723347;9,167543;0,451988;93;145;1672;1817
321;17/11/2011;4;0;11;0;4;1;2;14,008347;20,459254;0,323221;57,5833;139;2914;3053
322;18/11/2011;4;0;11;0;5;1;1;11,240847;11,291711;0,272721;41;245;3147;3392
323;19/11/2011;4;0;11;0;6;0;1;13,495847;15,041232;0,324483;50,2083;943;2720;3663
324;20/11/2011;4;0;11;0;0;0;2;18,996653;12,45865;0,457058;68,4583;787;2733;3520
325;21/11/2011;4;0;11;0;1;1;3;18,3475;9,249618;0,445062;91;220;2545;2765
326;22/11/2011;4;0;11;0;2;1;3;17,083347;7,959064;0,421696;96,25;69;1538;1607
327;23/11/2011;4;0;11;0;3;1;2;18,074153;22,500275;0,430537;75,7917;112;2454;2566
328;24/11/2011;4;0;11;1;4;0;1;15,306653;11,209368;0,372471;54,9167;560;935;1495
329;25/11/2011;4;0;11;0;5;1;1;15,375;6,6260186;0,380671;64,375;1095;1697;2792
330;26/11/2011;4;0;11;0;6;0;1;15,409153;4,5841936;0,385087;68,1667;1249;1819;3068
331;27/11/2011;4;0;11;0;0;0;1;18,825847;13,999918;0,4558;69,8333;810;2261;3071
332;28/11/2011;4;0;11;0;1;1;1;20,642598;9,522174;0,490122;74,3043;253;3614;3867
333;29/11/2011;4;0;11;0;2;1;2;18,791653;17,292164;0,451375;83,0833;96;2818;2914
334;30/11/2011;4;0;11;0;3;1;1;13,325;18,167586;0,311221;61,3333;188;3425;3613
335;01/12/2011;4;0;12;0;4;1;1;12,8125;14,750586;0,305554;52,4583;182;3545;3727
336;02/12/2011;4;0;12;0;5;1;1;12,880847;6,750518;0,331433;62,5833;268;3672;3940
337;03/12/2011;4;0;12;0;6;0;1;12,265847;6,4174811;0,310604;61,2917;706;2908;3614
338;04/12/2011;4;0;12;0;0;0;1;13,564153;5,6252061;0,3491;77,5833;634;2851;3485
339;05/12/2011;4;0;12;0;1;1;2;15,819153;4,1679561;0,393925;82,7083;233;3578;3811
340;06/12/2011;4;0;12;0;2;1;3;18,9625;15,583061;0,4564;94,9583;126;2468;2594
341;07/12/2011;4;0;12;0;3;1;3;16,81;17,833725;0,400246;97,0417;50;655;705
342;08/12/2011;4;0;12;0;4;1;1;10,899153;16,083886;0,256938;58;150;3172;3322
343;09/12/2011;4;0;12;0;5;1;1;11,924153;5,5420189;0,317542;69,5833;261;3359;3620
344;10/12/2011;4;0;12;0;6;0;1;99;15,625807;0,266412;50,75;502;2688;3190
345;11/12/2011;4;0;12;0;0;0;1;99;4,4582939;0,253154;49;377;2366;2743
346;12/12/2011;4;0;12;0;1;1;1;9,771653;4,25115;0,270196;67,0833;143;3167;3310
347;13/12/2011;4;0;12;0;2;1;1;11,5825;9,41685;0,301138;59;155;3368;3523
348;14/12/2011;4;0;12;0;3;1;2;13,0175;4,0842061;0,338362;66,375;178;3562;3740
349;15/12/2011;4;0;12;0;4;1;2;17,3225;17,958814;0,412237;63,4167;181;3528;3709
350;16/12/2011;4;0;12;0;5;1;2;15,375;17,458525;0,359825;50,0417;178;3399;3577
351;17/12/2011;4;0;12;0;6;0;2;10,591653;16,292189;0,249371;56,0833;275;2464;2739
352;18/12/2011;4;0;12;0;0;0;1;9,771653;11,375193;0,245579;58,625;220;2211;2431
353;19/12/2011;4;0;12;0;1;1;1;11,343347;11,584032;0,280933;63,75;260;3143;3403
354;20/12/2011;4;0;12;0;2;1;2;15,819153;4,1252436;0,396454;59,5417;216;3534;3750
355;21/12/2011;1;0;12;0;3;1;2;17,561653;14,8338;0,428017;85,8333;107;2553;2660
356;22/12/2011;1;0;12;0;4;1;2;17,356653;3,167425;0,426121;75,75;227;2841;3068
357;23/12/2011;1;0;12;0;5;1;1;15,306653;18,374482;0,377513;68,625;163;2046;2209
358;24/12/2011;1;0;12;0;6;0;1;12,4025;12,750368;0,299242;54,25;155;856;1011
359;25/12/2011;1;0;12;0;0;0;1;11,266103;10,391097;0,279961;68,1304;303;451;754
360;26/12/2011;1;0;12;1;1;0;1;13,191299;16,044155;0,315535;50,6957;430;887;1317
361;27/12/2011;1;0;12;0;2;1;2;13,325;12,62615;0,327633;76,25;103;1059;1162
362;28/12/2011;1;0;12;0;3;1;1;12,26433;19,695387;0,279974;50,3913;255;2047;2302
363;29/12/2011;1;0;12;0;4;1;1;10,181653;8,000604;0,263892;57,4167;254;2169;2423
364;30/12/2011;1;0;12;0;5;1;1;12,778347;9,000579;0,318812;63,6667;491;2508;2999
365;31/12/2011;1;0;12;0;6;0;1;16,81;14,750318;0,414121;61,5833;665;1820;
366;01/01/2012;1;1;1;0;0;0;1;15,17;12,875189;0,375621;69,25;686;1608;
367;02/01/2012;1;1;1;1;1;0;1;11,194763;22,087555;0,252304;38,1304;244;1707;
368;03/01/2012;1;1;1;0;2;1;1;6,15;24,499957;0,126275;44,125;89;2147;2236
369;04/01/2012;1;1;1;0;3;1;2;4,4075;12,3749;0,119337;41,4583;95;2273;2368
370;05/01/2012;1;1;1;0;4;1;1;10,899153;8,709129;0,278412;52,4167;140;3132;3272
371;06/01/2012;1;1;1;0;5;1;1;13,700847;11,249836;0,340267;54,2083;307;3791;4098
372;07/01/2012;1;1;1;0;6;0;1;16,126653;11,708786;0,390779;53,1667;1070;3451;4521
373;08/01/2012;1;1;1;0;0;0;1;13,8375;12,833314;0,340258;46,5;599;2826;3425
374;09/01/2012;1;1;1;0;1;1;2;9,190847;6,6263;0,247479;70,1667;106;2270;2376
375;10/01/2012;1;1;1;0;2;1;1;12,656536;12,565984;0,318826;64,6522;173;3425;3598
376;11/01/2012;1;1;1;0;3;1;2;11,240847;8,791807;0,282821;84,75;92;2085;2177
377;12/01/2012;1;1;1;0;4;1;2;15,6825;12,124789;0,381938;80,2917;269;3828;4097
378;13/01/2012;1;1;1;0;5;1;1;11,240847;25,333236;0,249362;50,75;174;3040;3214
379;14/01/2012;1;1;1;0;6;0;1;7,38;12,541261;0,183087;45,75;333;2160;2493
380;15/01/2012;1;1;1;0;0;0;1;6,833347;16,834286;0,161625;41,9167;284;2027;2311
381;16/01/2012;1;1;1;1;1;0;1;7,79;15,500986;0,190663;52,25;217;2081;2298
382;17/01/2012;1;1;1;0;2;1;2;15,294763;23,39171;0,364278;71,6087;127;2808;2935
383;18/01/2012;1;1;1;0;3;1;1;12,436653;27,833743;0,275254;44,3333;109;3267;3376
384;19/01/2012;1;1;1;0;4;1;1;7,79;14,750586;0,190038;49,75;130;3162;3292
385;20/01/2012;1;1;1;0;5;1;2;8,9175;13,58425;0,220958;45;115;3048;3163
386;21/01/2012;1;1;1;0;6;0;2;7,106653;14,917014;0,174875;83,125;67;1234;1301
387;22/01/2012;1;1;1;0;0;0;2;6,6625;13,375746;0,16225;79,625;196;1781;1977
388;23/01/2012;1;1;1;0;1;1;2;8,951653;7,417436;0,243058;91,125;145;2287;2432
389;24/01/2012;1;1;1;0;2;1;1;14,0425;8,292389;0,349108;83,5833;439;3900;4339
390;25/01/2012;1;1;1;0;3;1;1;12,060847;10,791757;0,294821;64,375;467;3803;4270
391;26/01/2012;1;1;1;0;4;1;2;14,008347;4,9175186;0,35605;76,9583;244;3831;4075
392;27/01/2012;1;1;1;0;5;1;2;17,425;22,958689;0,415383;74,125;269;3187;3456
393;28/01/2012;1;1;1;0;6;0;1;12,949153;14,125543;0,326379;54,3333;775;3248;4023
394;29/01/2012;1;1;1;0;0;0;1;11,5825;16,08335;0,272721;31,125;558;2685;3243
395;30/01/2012;1;1;1;0;1;1;1;11,035847;14,458064;0,262625;40,0833;126;3498;3624
396;31/01/2012;1;1;1;0;2;1;1;15,99;17,541739;0,381317;41,6667;324;4185;4509
397;01/02/2012;1;1;2;0;3;1;1;19,235847;12,667489;0,466538;50,7917;304;4275;4579
397;01/02/2012;1;1;2;0;3;1;1;19,235847;12,667489;0,466538;50,7917;304;4275;4579
398;02/02/2012;1;1;2;0;4;1;2;16,365847;12,541529;0,398971;67,2917;190;3571;3761
399;03/02/2012;1;1;2;0;5;1;1;12,846653;11,959232;0,309346;52,6667;310;3841;4151
400;04/02/2012;1;1;2;0;6;0;2;10,830847;8,167032;0,272725;77,9583;384;2448;2832
401;05/02/2012;1;1;2;0;0;0;2;10,899153;11,791732;0,264521;68,7917;318;2629;2947
402;06/02/2012;1;1;2;0;1;1;1;11,586969;10,3046;0,296426;62,2174;206;3578;3784
403;07/02/2012;1;1;2;0;2;1;1;14,520847;9,874393;0,361104;49,625;199;4176;4375
404;08/02/2012;1;1;2;0;3;1;2;10,523347;8,959307;0,266421;72,2917;109;2693;2802
405;09/02/2012;1;1;2;0;4;1;1;10,865;13,000479;0,261988;56,2083;163;3667;3830
406;10/02/2012;1;1;2;0;5;1;2;11,514153;7,834243;0,293558;54;227;3604;3831
407;11/02/2012;1;1;2;0;6;0;3;9,190847;19,416332;0,210867;73,125;192;1977;2169
408;12/02/2012;1;1;2;0;0;0;1;5,2275;27,417204;0,101658;46,4583;73;1456;1529
409;13/02/2012;1;1;2;0;1;1;1;9,1225;11,207961;0,227913;41,125;94;3328;3422
410;14/02/2012;1;1;2;0;2;1;2;13,085847;9,458993;0,333946;50,875;135;3787;3922
411;15/02/2012;1;1;2;0;3;1;1;14,281653;12,1672;0,351629;53,125;141;4028;4169
412;16/02/2012;1;1;2;0;4;1;2;12,983347;6,125475;0,330162;75,2917;74;2931;3005
413;17/02/2012;1;1;2;0;5;1;1;14,076653;13,791682;0,351629;63,4583;349;3805;4154
414;18/02/2012;1;1;2;0;6;0;1;14,213347;12,792243;0,355425;53,4583;1435;2883;4318
415;19/02/2012;1;1;2;0;0;0;2;11,48;16,958504;0,265788;51,5833;618;2071;2689
416;20/02/2012;1;1;2;1;1;0;1;11,48;15,348561;0,273391;50,7826;502;2627;3129
417;21/02/2012;1;1;2;0;2;1;1;11,800866;13,783039;0,295113;59,4348;163;3614;3777
418;22/02/2012;1;1;2;0;3;1;1;16,229153;15,709557;0,392667;56,7917;394;4379;4773
419;23/02/2012;1;1;2;0;4;1;1;18,620847;12,791171;0,444446;55,4583;516;4546;5062
420;24/02/2012;1;1;2;0;5;1;2;16,7075;15,916989;0,410971;73,75;246;3241;3487
421;25/02/2012;1;1;2;0;6;0;1;11,924153;28,250014;0,255675;39,5833;317;2415;2732
422;26/02/2012;1;1;2;0;0;0;1;11,445847;13,750343;0,268308;41;515;2874;3389
423;27/02/2012;1;1;2;0;1;1;1;15,033347;17,958211;0,357954;49,0833;253;4069;4322
424;28/02/2012;1;1;2;0;2;1;1;14,725847;12,958939;0,353525;39,5833;229;4134;4363
425;29/02/2012;1;1;2;0;3;1;2;14,118268;12,000839;0,34847;80,4783;65;1769;1834
426;01/03/2012;1;1;3;0;4;1;1;19,919153;15,208129;0,475371;61,5417;325;4665;4990
427;02/03/2012;1;1;3;0;5;1;2;14,486653;9,708568;0,359842;65,7083;246;2948;3194
428;03/03/2012;1;1;3;0;6;0;2;16,980847;10,792293;0,413492;62,125;956;3110;4066
429;04/03/2012;1;1;3;0;0;0;1;13,359153;22,416257;0,303021;40,3333;710;2713;3423
430;05/03/2012;1;1;3;0;1;1;1;9,976653;15,333486;0,241171;50,625;203;3130;3333
431;06/03/2012;1;1;3;0;2;1;1;10,591653;13,458625;0,255042;45,6667;221;3735;3956
432;07/03/2012;1;1;3;0;3;1;1;16,570847;23,167193;0,3851;51,3333;432;4484;4916
433;08/03/2012;1;1;3;0;4;1;1;21,6275;29,584721;0,524604;56,75;486;4896;5382
434;09/03/2012;1;1;3;0;5;1;2;16,844153;27,7916;0,397083;40,7083;447;4122;4569
435;10/03/2012;1;1;3;0;6;0;1;11,7875;15,12525;0,277767;35,0417;968;3150;4118
436;11/03/2012;1;1;3;0;0;0;1;14,831299;14,913329;0,35967;47,6957;1658;3253;4911
437;12/03/2012;1;1;3;0;1;1;1;19,133347;13,916771;0,459592;48,9167;838;4460;5298
438;13/03/2012;1;1;3;0;2;1;1;23,165;15,87565;0,542929;61,75;762;5085;5847
439;14/03/2012;1;1;3;0;3;1;1;23,4725;7,709154;0,548617;50,7083;997;5315;6312
440;15/03/2012;1;1;3;0;4;1;1;22,8575;10,042161;0,532825;57,9583;1005;5187;6192
441;16/03/2012;1;1;3;0;5;1;2;17,869153;7,583864;0,436229;84,2083;548;3830;4378
442;17/03/2012;1;1;3;0;6;0;2;21,080847;7,417168;0,505046;75,5833;3155;4681;7836
443;18/03/2012;1;1;3;0;0;0;2;19,3725;8,501161;0,464;81;2207;3685;5892
444;19/03/2012;1;1;3;0;1;1;1;22,345;10,875239;0,532821;72,875;982;5171;6153
445;20/03/2012;1;1;3;0;2;1;1;22,994153;8,125157;0,538533;80,7917;1051;5042;6093
446;21/03/2012;2;1;3;0;3;1;2;21,798347;6,0004061;0,513258;82,125;1122;5108;6230
447;22/03/2012;2;1;3;0;4;1;1;22,720847;7,876654;0,531567;83,125;1334;5537;6871
448;23/03/2012;2;1;3;0;5;1;2;24,668347;7,7921;0,570067;69,4167;2469;5893;8362
449;24/03/2012;2;1;3;0;6;0;2;20,6025;12,916461;0,486733;88,5417;1033;2339;3372
450;25/03/2012;2;1;3;0;0;0;2;17,9375;14,791925;0,437488;88,0833;1532;3464;4996
451;26/03/2012;2;1;3;0;1;1;1;18,279153;25,917007;0,43875;47,7917;795;4763;5558
452;27/03/2012;2;1;3;0;2;1;1;13,256653;12,541864;0,315654;29;531;4571;5102
453;28/03/2012;2;1;3;0;3;1;1;19,850847;19,541957;0,47095;48,125;674;5024;5698
454;29/03/2012;2;1;3;0;4;1;1;20,260847;21,41655;0,482304;43,9167;834;5299;6133
455;30/03/2012;2;1;3;0;5;1;2;15,17;9,250489;0,375621;58,0833;796;4663;5459
456;31/03/2012;2;1;3;0;6;0;2;17,390847;16,791339;0,421708;73,8333;2301;3934;6235
457;01/04/2012;2;1;4;0;0;0;2;17,459153;11,541889;0,417287;67,625;2347;3694;6041
458;02/04/2012;2;1;4;0;1;1;1;17,790433;20,913313;0,427513;50,4348;1208;4728;5936
459;03/04/2012;2;1;4;0;2;1;1;19,133347;6,708911;0,461483;39,6667;1348;5424;6772
460;04/04/2012;2;1;4;0;3;1;1;22,208347;12,125325;0,53345;46,9583;1058;5378;6436
461;05/04/2012;2;1;4;0;4;1;1;17,835;14,708443;0,431163;37,4167;1192;5265;6457
462;06/04/2012;2;1;4;0;5;1;1;16,536653;20,125996;0,390767;37,7083;1807;4653;6460
463;07/04/2012;2;1;4;0;6;0;1;17,9375;18,416357;0,426129;25,4167;3252;3605;6857
464;08/04/2012;2;1;4;0;0;0;1;20,5;15,583932;0,492425;27,5833;2230;2939;5169
465;09/04/2012;2;1;4;0;1;1;1;20,055847;23,999132;0,476638;31,75;905;4680;5585
466;10/04/2012;2;1;4;0;2;1;1;18,313347;16,708125;0,436233;43,5;819;5099;5918
467;11/04/2012;2;1;4;0;3;1;1;14,296536;19,783358;0,337274;46,9565;482;4380;4862
468;12/04/2012;2;1;4;0;4;1;1;16,2975;19,458743;0,387604;46,625;663;4746;5409
469;13/04/2012;2;1;4;0;5;1;1;18,1425;10,416557;0,431808;40,8333;1252;5146;6398
470;14/04/2012;2;1;4;0;6;0;1;20,295;12,791439;0,487996;50,2917;2795;4665;7460
471;15/04/2012;2;1;4;0;0;0;1;24,873347;15,083643;0,573875;50,7917;2846;4286;7132
472;16/04/2012;2;1;4;1;1;0;1;27,230847;19,083543;0,614925;56,1667;1198;5172;6370
473;17/04/2012;2;1;4;0;2;1;1;24,941653;18,333143;0,598487;39,0417;989;5702;6691
474;18/04/2012;2;1;4;0;3;1;2;18,996653;11,250104;0,457038;56,9167;347;4020;4367
475;19/04/2012;2;1;4;0;4;1;1;20,431653;4,4172564;0,493046;61,25;846;5719;6565
476;20/04/2012;2;1;4;0;5;1;1;21,593347;10,041357;0,515775;69,4583;1340;5950;7290
477;21/04/2012;2;1;4;0;6;0;1;23,37;19,000329;0,542921;68,2917;2541;4083;6624
478;22/04/2012;2;1;4;0;0;0;3;16,263347;23,084582;0,389504;83,5417;120;907;1027
479;23/04/2012;2;1;4;0;1;1;2;13,188347;20,334232;0,301125;76,6667;195;3019;3214
480;24/04/2012;2;1;4;0;2;1;1;16,946653;16,708661;0,405283;45,4167;518;5115;5633
481;25/04/2012;2;1;4;0;3;1;1;19,543347;7,959064;0,470317;42,7917;655;5541;6196
482;26/04/2012;2;1;4;0;4;1;2;20,431653;11,833875;0,483583;75,6667;475;4551;5026
483;27/04/2012;2;1;4;0;5;1;1;18,7575;23,291411;0,452637;40,0833;1014;5219;6233
484;28/04/2012;2;1;4;0;6;0;2;15,443347;8,708325;0,377504;48,9583;1120;3100;4220
485;29/04/2012;2;1;4;0;0;0;1;18,791653;7,832836;0,450121;58,7083;2229;4075;6304
486;30/04/2012;2;1;4;0;1;1;2;19,030847;11,499746;0,457696;57;665;4907;5572
487;01/05/2012;2;1;5;0;2;1;2;25,146653;10,458432;0,577021;65,9583;653;5087;5740
488;02/05/2012;2;1;5;0;3;1;1;23,130847;9,249886;0,537896;79,7083;667;5502;6169
489;03/05/2012;2;1;5;0;4;1;2;22,96;8,957632;0,537242;76,8333;764;5657;6421
490;04/05/2012;2;1;5;0;5;1;1;25,7275;10,916846;0,590917;73,5417;1069;5227;6296
491;05/05/2012;2;1;5;0;6;0;2;25,488347;10,250464;0,584608;75,6667;2496;4387;6883
492;06/05/2012;2;1;5;0;0;0;2;23,0625;10,041893;0,546737;74;2135;4224;6359
493;07/05/2012;2;1;5;0;1;1;2;22,0375;15,458307;0,527142;66,4167;1008;5265;6273
494;08/05/2012;2;1;5;0;2;1;2;23,848347;19,833943;0,557471;68,5833;738;4990;5728
495;09/05/2012;2;1;5;0;3;1;2;23,575;14,499604;0,553025;74,4167;620;4097;4717
496;10/05/2012;2;1;5;0;4;1;1;20,739153;21,042221;0,491783;55,2083;1026;5546;6572
497;11/05/2012;2;1;5;0;5;1;1;21,866653;15,874779;0,520833;36,0417;1319;5711;7030
498;12/05/2012;2;1;5;0;6;0;1;23,130847;8,249911;0,544817;48,0417;2622;4807;7429
499;13/05/2012;2;1;5;0;0;0;1;25,1125;15,082839;0,585238;57,625;2172;3946;6118
500;14/05/2012;2;1;5;0;1;1;2;23,506653;14,250364;0,5499;78,9583;342;2501;2843
501;15/05/2012;2;1;5;0;2;1;2;25,078347;9,875264;0,576404;79,4583;625;4490;5115
502;16/05/2012;2;1;5;0;3;1;1;26,103347;8,208304;0,595975;69,7917;991;6433;7424
503;17/05/2012;2;1;5;0;4;1;1;24,326653;15,374825;0,572613;52;1242;6142;7384
504;18/05/2012;2;1;5;0;5;1;1;23,130847;9,166739;0,551121;52,3333;1521;6118;7639
505;19/05/2012;2;1;5;0;6;0;1;24,6;5,626325;0,566908;45,625;3410;4884;8294
506;20/05/2012;2;1;5;0;0;0;1;25,454153;17,042589;0,583967;53,0417;2704;4425;7129
507;21/05/2012;2;1;5;0;1;1;2;24,531653;15,624668;0,565667;81,125;630;3729;4359
508;22/05/2012;2;1;5;0;2;1;2;25,215;7,917189;0,580825;76,5833;819;5254;6073
509;23/05/2012;2;1;5;0;3;1;2;25,488347;6,834;0,584612;77,4583;766;4494;5260
510;24/05/2012;2;1;5;0;4;1;1;26,855;11,584032;0,6067;71,6667;1059;5711;6770
511;25/05/2012;2;1;5;0;5;1;1;27,88;9,41685;0,627529;74,7083;1417;5317;6734
512;26/05/2012;2;1;5;0;6;0;1;28,3925;13,332464;0,642696;73,25;2855;3681;6536
513;27/05/2012;2;1;5;0;0;0;1;28,29;14,416457;0,641425;69,7083;3283;3308;6591
514;28/05/2012;2;1;5;1;1;0;1;29,2125;13,166907;0,6793;67,625;2557;3486;6043
515;29/05/2012;2;1;5;0;2;1;1;29,6225;19,7918;0,672992;68,4583;880;4863;5743
516;30/05/2012;2;1;5;0;3;1;2;26,923347;9,000043;0,611129;67;745;6110;6855
517;31/05/2012;2;1;5;0;4;1;1;27,88;13,083693;0,631329;49,2917;1100;6238;7338
518;01/06/2012;2;1;6;0;5;1;2;26,820847;15,916721;0,607962;75,5417;533;3594;4127
519;02/06/2012;2;1;6;0;6;0;1;23,916653;12,499654;0,566288;54,9167;2795;5325;8120
520;03/06/2012;2;1;6;0;0;0;1;24,7025;12,333829;0,575133;49,3333;2494;5147;7641
521;04/06/2012;2;1;6;0;1;1;1;24,4975;19,083811;0,578283;48,7083;1071;5927;6998
522;05/06/2012;2;1;6;0;2;1;2;22,174153;14,041525;0,525892;61,3333;968;6033;7001
523;06/06/2012;2;1;6;0;3;1;1;22,720847;5,167375;0,542292;61,125;1027;6028;7055
524;07/06/2012;2;1;6;0;4;1;1;24,7025;10,54245;0,569442;56,7083;1038;6456;7494
525;08/06/2012;2;1;6;0;5;1;1;26,615847;11,750661;0,597862;46,7917;1488;6248;7736
526;09/06/2012;2;1;6;0;6;0;1;29,144153;9,667229;0,648367;43,7083;2708;4790;7498
527;10/06/2012;2;1;6;0;0;0;1;29,793347;8,959307;0,663517;53,8333;2224;4374;6598
528;11/06/2012;2;1;6;0;1;1;2;29,554153;13,916771;0,659721;58,7917;1017;5647;6664
529;12/06/2012;2;1;6;0;2;1;2;26,786653;14,374582;0,597875;83,3333;477;4495;4972
530;13/06/2012;2;1;6;0;3;1;1;26,889153;22,999693;0,611117;58,2083;1173;6248;7421
531;14/06/2012;2;1;6;0;4;1;1;26,581653;17,000111;0,624383;56,9583;1180;6183;7363
532;15/06/2012;2;1;6;0;5;1;1;26,205847;11,833339;0,599754;58,9583;1563;6102;7665
533;16/06/2012;2;1;6;0;6;0;1;25,898347;11,166689;0,594708;50,4167;2963;4739;7702
534;17/06/2012;2;1;6;0;0;0;1;24,2925;9,708568;0,571975;59,875;2634;4344;6978
535;18/06/2012;2;1;6;0;1;1;2;23,301653;11,707982;0,544842;77,7917;653;4446;5099
536;19/06/2012;2;1;6;0;2;1;1;28,221653;9,917139;0,654692;69;968;5857;6825
537;20/06/2012;2;1;6;0;3;1;1;32,0825;7,625404;0,720975;59,2083;872;5339;6211
538;21/06/2012;3;1;6;0;4;1;1;33,039153;7,958729;0,752542;56,7917;778;5127;5905
539;22/06/2012;3;1;6;0;5;1;1;31,8775;12,250414;0,724121;57,375;964;4859;5823
540;23/06/2012;3;1;6;0;6;0;1;29,998347;12,041307;0,652792;53,4583;2657;4801;7458
541;24/06/2012;3;1;6;0;0;0;1;30,476653;9,750175;0,674254;47,9167;2551;4340;6891
542;25/06/2012;3;1;6;0;1;1;1;29,349153;20,125661;0,654042;50,4167;1139;5640;6779
543;26/06/2012;3;1;6;0;2;1;1;25,864153;23,292014;0,594704;37,3333;1077;6365;7442
544;27/06/2012;3;1;6;0;3;1;1;28,5975;18,208925;0,640792;36;1077;6258;7335
545;28/06/2012;3;1;6;0;4;1;1;30,715847;11,50055;0,675512;42,25;921;5958;6879
546;29/06/2012;3;1;6;0;5;1;1;34,200847;11,082939;0,786613;48,875;829;4634;5463
547;30/06/2012;3;1;6;0;6;0;1;31,365;10,791757;0,687508;60,125;1455;4232;5687
548;01/07/2012;3;1;7;0;0;0;1;33,449153;11,291443;0,750629;51,875;1421;4110;5531
549;02/07/2012;3;1;7;0;1;1;1;32,048347;13,082889;0,702038;44,7083;904;5323;6227
550;03/07/2012;3;1;7;0;2;1;1;32,014153;8,457879;0,70265;49,2083;1052;5608;6660
551;04/07/2012;3;1;7;1;3;0;1;32,355847;9,04165;0,732337;53,875;2562;4841;7403
552;05/07/2012;3;1;7;0;4;1;1;33,9275;12,999943;0,761367;45,7917;1405;4836;6241
553;06/07/2012;3;1;7;0;5;1;1;33,961653;9,791514;0,752533;45,0833;1366;4841;6207
554;07/07/2012;3;1;7;0;6;0;1;35,328347;10,958118;0,804913;49,2083;1448;3392;4840
555;08/07/2012;3;1;7;0;0;0;1;33,7225;8,417143;0,790396;57,375;1203;3469;4672
556;09/07/2012;3;1;7;0;1;1;2;29,144153;12,125325;0,654054;68,3333;998;5571;6569
557;10/07/2012;3;1;7;0;2;1;2;29,554153;10,166379;0,664796;66,75;954;5336;6290
558;11/07/2012;3;1;7;0;3;1;1;29,383347;10,166111;0,650271;63,3333;975;6289;7264
559;12/07/2012;3;1;7;0;4;1;1;29,349153;9,833925;0,654683;52,9583;1032;6414;7446
560;13/07/2012;3;1;7;0;5;1;2;29,998347;5,41695;0,667933;48,5833;1511;5988;7499
561;14/07/2012;3;1;7;0;6;0;2;28,836653;9,626493;0,666042;69,9167;2355;4614;6969
562;15/07/2012;3;1;7;0;0;0;1;30,579153;11,166689;0,705196;71,7917;1920;4111;6031
563;16/07/2012;3;1;7;0;1;1;1;31,296653;11,000529;0,724125;64,5;1088;5742;6830
564;17/07/2012;3;1;7;0;2;1;1;33,551653;7,666743;0,755683;50,5833;921;5865;6786
565;18/07/2012;3;1;7;0;3;1;1;32,526653;9,208614;0,745583;57,7083;799;4914;5713
566;19/07/2012;3;1;7;0;4;1;1;31,57;11,083743;0,714642;60,0417;888;5703;6591
567;20/07/2012;3;1;7;0;5;1;2;27,299153;14,000789;0,613025;84,4167;747;5123;5870
568;21/07/2012;3;1;7;0;6;0;3;24,429153;14,2911;0,549912;86,5417;1264;3195;4459
569;22/07/2012;3;1;7;0;0;0;2;27,3675;6,2926936;0,623125;76,25;2544;4866;7410
570;23/07/2012;3;1;7;0;1;1;1;30,408347;9,291761;0,690017;69,4167;1135;5831;6966
571;24/07/2012;3;1;7;0;2;1;1;30,784153;14,167418;0,70645;65,5;1140;6452;7592
572;25/07/2012;3;1;7;0;3;1;1;29,690847;11,0416;0,654054;45;1383;6790;8173
573;26/07/2012;3;1;7;0;4;1;1;31,843347;19,082471;0,739263;59,6667;1036;5825;6861
574;27/07/2012;3;1;7;0;5;1;1;32,048347;10,250464;0,734217;59,4583;1259;5645;6904
575;28/07/2012;3;1;7;0;6;0;1;30,989153;10,54245;0,697604;61,3333;2234;4451;6685
576;29/07/2012;3;1;7;0;0;0;1;29,588347;11,416532;0,667933;62,375;2153;4444;6597
577;30/07/2012;3;1;7;0;1;1;1;29,964153;10,292339;0,684987;66,875;1040;6065;7105
578;31/07/2012;3;1;7;0;2;1;1;29,246653;11,083475;0,662896;70,4167;968;6248;7216
579;01/08/2012;3;1;8;0;3;1;1;29,4175;9,458993;0,667308;67,75;1074;6506;7580
580;02/08/2012;3;1;8;0;4;1;1;30,8525;8,666718;0,707088;65,9583;983;6278;7261
581;03/08/2012;3;1;8;0;5;1;2;31,399153;14,458064;0,722867;64,25;1328;5847;7175
582;04/08/2012;3;1;8;0;6;0;1;32,526653;17,249686;0,751267;61,3333;2345;4479;6824
583;05/08/2012;3;1;8;0;0;0;1;31,535847;19,458207;0,731079;65,25;1707;3757;5464
584;06/08/2012;3;1;8;0;1;1;2;30,8525;8,666718;0,710246;65,4167;1233;5780;7013
585;07/08/2012;3;1;8;0;2;1;2;30,169153;7,832836;0,697621;70,375;1278;5995;7273
586;08/08/2012;3;1;8;0;3;1;2;30,75;7,4169;0,707717;67,2917;1263;6271;7534
587;09/08/2012;3;1;8;0;4;1;1;30,989153;10,4587;0,699508;62,0417;1196;6090;7286
588;10/08/2012;3;1;8;0;5;1;2;29,349153;16,000471;0,667942;71,5833;1065;4721;5786
589;11/08/2012;3;1;8;0;6;0;2;28,3925;13,834093;0,638267;73,2917;2247;4052;6299
590;12/08/2012;3;1;8;0;0;0;1;28,734153;8,208304;0,644579;53,0417;2182;4362;6544
591;13/08/2012;3;1;8;0;1;1;1;29,554153;9,126204;0,662254;54,5417;1207;5676;6883
592;14/08/2012;3;1;8;0;2;1;1;29,793347;11,333586;0,676779;68,6667;1128;5656;6784
593;15/08/2012;3;1;8;0;3;1;1;28,973347;11,374657;0,654037;61,9583;1198;6149;7347
594;16/08/2012;3;1;8;0;4;1;1;29,485847;9,500332;0,654688;51,9167;1338;6267;7605
595;17/08/2012;3;1;8;0;5;1;1;29,656653;15,500718;0,2424;57,0833;1483;5665;7148
596;18/08/2012;3;1;8;0;6;0;1;27,811653;11,917089;0,618071;60,3333;2827;5038;7865
597;19/08/2012;3;1;8;0;0;0;2;26,069153;5,79215;0,603554;71,1667;1208;3341;4549
598;20/08/2012;3;1;8;0;1;1;2;26,069153;8,708593;0,595967;73,4167;1026;5504;6530
599;21/08/2012;3;1;8;0;2;1;1;26,615847;4,8756436;0,601025;67,375;1081;5925;7006
600;22/08/2012;3;1;8;0;3;1;1;27,3675;4,7089811;0,621854;67,7083;1094;6281;7375
601;23/08/2012;3;1;8;0;4;1;1;28,529153;5,6679186;0,637008;63,5833;1363;6402;7765
602;24/08/2012;3;1;8;0;5;1;2;28,8025;4,8337686;0,6471;61,5;1325;6257;7582
603;25/08/2012;3;1;8;0;6;0;2;27,128347;16,375336;0,618696;71,2917;1829;4224;6053
604;26/08/2012;3;1;8;0;0;0;2;26,786653;15,333486;0,595996;84,5833;1483;3772;5255
605;27/08/2012;3;1;8;0;1;1;1;28,836653;8,625111;0,654688;73,0417;989;5928;6917
606;28/08/2012;3;1;8;0;2;1;1;29,861653;12,791975;0,66605;62;935;6105;7040
607;29/08/2012;3;1;8;0;3;1;1;28,085;7,541654;0,635733;55,2083;1177;6520;7697
608;30/08/2012;3;1;8;0;4;1;1;28,973347;5,1668189;0,652779;59,0417;1172;6541;7713
609;31/08/2012;3;1;8;0;5;1;1;31,330847;11,291711;0,6894;58,75;1433;5917;7350
610;01/09/2012;3;1;9;0;6;0;2;30,886653;7,583529;0,702654;63,8333;2352;3788;6140
611;02/09/2012;3;1;9;0;0;0;2;28,563347;4,2927436;0,649;81,5;2613;3197;5810
612;03/09/2012;3;1;9;1;1;0;1;29,0075;10,125107;0,661629;79,0833;1965;4069;6034
613;04/09/2012;3;1;9;0;2;1;1;29,759153;15,833507;0,686888;75,5;867;5997;6864
614;05/09/2012;3;1;9;0;3;1;1;30,203347;12,583136;0,708983;74,125;832;6280;7112
615;06/09/2012;3;1;9;0;4;1;2;28,563347;9,542207;0,655329;81,0417;611;5592;6203
616;07/09/2012;3;1;9;0;5;1;1;28,836653;11,500282;0,657204;73,625;1045;6459;7504
617;08/09/2012;3;1;9;0;6;0;2;27,025847;18,833968;0,611121;79,9167;1557;4419;5976
618;09/09/2012;3;1;9;0;0;0;1;25,01;15,041232;0,578925;54,75;2570;5657;8227
619;10/09/2012;3;1;9;0;1;1;1;23,916653;17,333771;0,565654;50,375;1118;6407;7525
620;11/09/2012;3;1;9;0;2;1;1;23,6775;6,1676314;0,554292;52;1070;6697;7767
621;12/09/2012;3;1;9;0;3;1;1;24,565847;8,833682;0,570075;57,7083;1050;6820;7870
622;13/09/2012;3;1;9;0;4;1;1;25,1125;5,5422936;0,579558;63,7083;1054;6750;7804
623;14/09/2012;3;1;9;0;5;1;1;25,966653;6,958821;0,594083;67,25;1379;6630;8009
624;15/09/2012;3;1;9;0;6;0;1;24,941653;16,583907;0,585867;50,1667;3160;5554;8714
625;16/09/2012;3;1;9;0;0;0;1;23,78;6,0422811;0,563125;57;2166;5167;7333
626;17/09/2012;3;1;9;0;1;1;2;23,814153;10,166714;0,55305;73,4583;1022;5847;6869
627;18/09/2012;3;1;9;0;2;1;2;25,556653;23,958329;0,565067;87,25;371;3702;4073
628;19/09/2012;3;1;9;0;3;1;1;22,6525;14,416725;0,540404;53,6667;788;6803;7591
629;20/09/2012;3;1;9;0;4;1;1;22,413347;7,917189;0,532192;61,8333;939;6781;7720
630;21/09/2012;3;1;9;0;5;1;1;24,565847;10,333343;0,571971;66,875;1250;6917;8167
631;22/09/2012;3;1;9;0;6;0;1;26,65;19,000061;0,610488;64,6667;2512;5883;8395
632;23/09/2012;4;1;9;0;0;0;1;21,695847;14,958286;0,518933;46,7083;2454;5453;7907
633;24/09/2012;4;1;9;0;1;1;1;21,080847;9,541068;0,502513;49,2917;1001;6435;7436
634;25/09/2012;4;1;9;0;2;1;1;22,55;15,833507;0,544179;57;845;6693;7538
635;26/09/2012;4;1;9;0;3;1;1;26,035;16,3748;0,596613;63,0833;787;6946;7733
636;27/09/2012;4;1;9;0;4;1;2;26,65;9,000914;0,607975;69,0833;751;6642;7393
637;28/09/2012;4;1;9;0;5;1;2;25,385847;10,999993;0,585863;69;1045;6370;7415
638;29/09/2012;4;1;9;0;6;0;1;22,2425;15,249468;0,530296;54,2917;2589;5966;8555
639;30/09/2012;4;1;9;0;0;0;1;21,593347;9,042186;0,517663;58,3333;2015;4874;6889
640;01/10/2012;4;1;10;0;1;1;2;21,354153;6,0838814;0,512;64,9167;763;6015;6778
641;02/10/2012;4;1;10;0;2;1;3;24,224153;6,999825;0,542333;87,1667;315;4324;4639
642;03/10/2012;4;1;10;0;3;1;2;26,9575;4,4585686;0,599133;79,375;728;6844;7572
643;04/10/2012;4;1;10;0;4;1;2;26,9575;7,875582;0,607975;72,2917;891;6437;7328
644;05/10/2012;4;1;10;0;5;1;1;25,215;7,12545;0,580187;62,75;1516;6640;8156
645;06/10/2012;4;1;10;0;6;0;1;22,720847;17,957675;0,538521;66,4167;3031;4934;7965
646;07/10/2012;4;1;10;0;0;0;2;17,049153;9,457854;0,419813;70,8333;781;2729;3510
647;08/10/2012;4;1;10;1;1;0;2;15,716653;12,708493;0,387608;70,9583;874;4604;5478
648;09/10/2012;4;1;10;0;2;1;2;18,313347;12,7501;0,438112;76,1667;601;5791;6392
649;10/10/2012;4;1;10;0;3;1;1;21,080847;12,584007;0,503142;63,0833;780;6911;7691
650;11/10/2012;4;1;10;0;4;1;1;17,835;12,166932;0,431167;46,3333;834;6736;7570
651;12/10/2012;4;1;10;0;5;1;1;17,9375;15,751164;0,433071;53,9167;1060;6222;7282
652;13/10/2012;4;1;10;0;6;0;1;16,126653;9,791514;0,391396;49,4583;2252;4857;7109
653;14/10/2012;4;1;10;0;0;0;1;21,388347;18,667004;0,508204;64,0417;2080;4559;6639
654;15/10/2012;4;1;10;0;1;1;2;23,028347;19,834479;0,53915;70,75;760;5115;5875
655;16/10/2012;4;1;10;0;2;1;1;19,201653;12,208807;0,460846;55,8333;922;6612;7534
656;17/10/2012;4;1;10;0;3;1;1;18,689153;6,791857;0,450108;69,2917;979;6482;7461
657;18/10/2012;4;1;10;0;4;1;2;21,4225;15,874779;0,512625;72,8333;1008;6501;7509
658;19/10/2012;4;1;10;0;5;1;2;23,096653;9,041918;0,537896;81,5;753;4671;5424
659;20/10/2012;4;1;10;0;6;0;1;19,850847;7,874979;0,472842;57,2917;2806;5284;8090
660;21/10/2012;4;1;10;0;0;0;1;19,030847;11,125618;0,456429;51;2132;4692;6824
661;22/10/2012;4;1;10;0;1;1;1;19,9875;5,4593811;0,482942;56,8333;830;6228;7058
662;23/10/2012;4;1;10;0;2;1;1;22,310847;6,3345686;0,530304;64,1667;841;6625;7466
663;24/10/2012;4;1;10;0;3;1;1;24,0875;4,8762064;0,558721;63,625;795;6898;7693
664;25/10/2012;4;1;10;0;4;1;2;22,55;8,333125;0,529688;80,0417;875;6484;7359
665;26/10/2012;4;1;10;0;5;1;2;22,379153;8,875289;0,52275;80,7083;1182;6262;7444
666;27/10/2012;4;1;10;0;6;0;2;21,73;15,791364;0,515133;72;2643;5209;7852
667;28/10/2012;4;1;10;0;0;0;2;19,5775;26,666536;0,467771;69,4583;998;3461;4459
668;29/10/2012;4;1;10;0;1;1;3;18,04;23,9994;0,4394;88;2;20;22
669;30/10/2012;4;1;10;0;2;1;2;13,045462;14,271603;0,309909;82,5455;87;1009;1096
670;31/10/2012;4;1;10;0;3;1;2;14,6575;11,166689;0,3611;66,6667;419;5147;5566
671;01/11/2012;4;1;11;0;4;1;2;14,999153;10,542182;0,369942;58,1667;466;5520;5986
672;02/11/2012;4;1;11;0;5;1;1;14,555;17,833725;0,356042;52,2083;618;5229;5847
673;03/11/2012;4;1;11;0;6;0;2;14,076653;18,125443;0,323846;49,125;1029;4109;5138
674;04/11/2012;4;1;11;0;0;0;1;13,359153;12,000236;0,329538;53,2917;1201;3906;5107
675;05/11/2012;4;1;11;0;1;1;1;13,085847;15,833775;0,308075;49,4167;378;4881;5259
676;06/11/2012;4;1;11;0;2;1;1;11,514153;11,625371;0,281567;56,7083;466;5220;5686
677;07/11/2012;4;1;11;0;3;1;2;12,129153;20,375236;0,274621;54,75;326;4709;5035
678;08/11/2012;4;1;11;0;4;1;1;14,439134;23,304945;0,341891;33,3478;340;4975;5315
679;09/11/2012;4;1;11;0;5;1;1;14,828347;14,375386;0,355413;54,0833;709;5283;5992
680;10/11/2012;4;1;11;0;6;0;1;15,955847;3,8756686;0,393937;64,5417;2090;4446;6536
681;11/11/2012;4;1;11;0;0;0;1;17,254153;8,5425;0,421713;65,9167;2290;4562;6852
682;12/11/2012;4;1;11;1;1;0;1;19,885;11,625639;0,475383;74,1667;1097;5172;6269
683;13/11/2012;4;1;11;0;2;1;2;14,076653;22,917082;0,323225;66,2917;327;3767;4094
684;14/11/2012;4;1;11;0;3;1;1;11,855847;13,374875;0,281563;55,2083;373;5122;5495
685;15/11/2012;4;1;11;0;4;1;2;13,188347;10,250129;0,324492;62,0417;320;5125;5445
686;16/11/2012;4;1;11;0;5;1;1;14,145;11,458675;0,347204;52,4583;484;5214;5698
687;17/11/2012;4;1;11;0;6;0;1;13,325;12,041843;0,326383;54,5417;1313;4316;5629
688;18/11/2012;4;1;11;0;0;0;1;14,0425;15,250004;0,337746;69,2917;922;3747;4669
689;19/11/2012;4;1;11;0;1;1;2;15,614153;15,749489;0,375621;62,3333;449;5050;5499
690;20/11/2012;4;1;11;0;2;1;2;15,340847;5,542575;0,380667;68,5;534;5100;5634
691;21/11/2012;4;1;11;0;3;1;1;14,486653;6,917482;0,364892;61,375;615;4531;5146
692;22/11/2012;4;1;11;1;4;0;1;13,94;3,5423436;0,350371;58,0417;955;1470;2425
693;23/11/2012;4;1;11;0;5;1;1;15,101653;9,917407;0,378779;56,875;1603;2307;3910
694;24/11/2012;4;1;11;0;6;0;1;11,411653;25,250357;0,248742;40,4583;532;1745;2277
695;25/11/2012;4;1;11;0;0;0;1;10,079153;10,0835;0,257583;46,8333;309;2115;2424
696;26/11/2012;4;1;11;0;1;1;1;12,846653;3,12555;0,339004;53,5417;337;4750;5087
697;27/11/2012;4;1;11;0;2;1;2;11,958347;15,916654;0,281558;78,6667;123;3836;3959
698;28/11/2012;4;1;11;0;3;1;1;12,163347;14,125007;0,289762;50,625;198;5062;5260
699;29/11/2012;4;1;11;0;4;1;1;11,51567;7,739974;0,298422;55,5652;243;5080;5323
700;30/11/2012;4;1;11;0;5;1;1;12,231653;3,9175436;0,323867;64,9583;362;5306;5668
701;01/12/2012;4;1;12;0;6;0;2;12,231653;4,0001814;0,316904;80,6667;951;4240;5191
702;02/12/2012;4;1;12;0;0;0;2;14,2475;8,333393;0,359208;82,3333;892;3757;4649
703;03/12/2012;4;1;12;0;1;1;1;18,5525;5,5422936;0,455796;76,75;555;5679;6234
704;04/12/2012;4;1;12;0;2;1;1;19,509153;11,666643;0,469054;73,375;551;6055;6606
705;05/12/2012;4;1;12;0;3;1;1;17,971653;21,709407;0,428012;48,5;331;5398;5729
706;06/12/2012;4;1;12;0;4;1;1;10,489153;11,708518;0,258204;50,875;340;5035;5375
707;07/12/2012;4;1;12;0;5;1;2;13,154153;8,7502;0,321958;76,4167;349;4659;5008
708;08/12/2012;4;1;12;0;6;0;2;15,648347;6,792393;0,389508;91,125;1153;4429;5582
709;09/12/2012;4;1;12;0;0;0;2;15,750847;10,584325;0,390146;90,5417;441;2787;3228
710;10/12/2012;4;1;12;0;1;1;2;17,869153;12,750636;0,435575;92,5;329;4841;5170
711;11/12/2012;4;1;12;0;2;1;2;14,486653;19,834479;0,338363;59,6667;282;5219;5501
712;12/12/2012;4;1;12;0;3;1;2;12,1975;10,916779;0,297338;53,8333;310;5009;5319
713;13/12/2012;4;1;12;0;4;1;1;12,129153;11,666643;0,294188;48,5833;425;5107;5532
714;14/12/2012;4;1;12;0;5;1;1;11,548347;8,792343;0,294192;64,2917;429;5182;5611
715;15/12/2012;4;1;12;0;6;0;1;13,290847;7,12545;0,338383;65,0417;767;4280;5047
716;16/12/2012;4;1;12;0;0;0;2;14,8625;6,749714;0,369938;83,875;538;3248;3786
717;17/12/2012;4;1;12;0;1;1;2;16,126653;6,5833061;0,4015;90,7083;212;4373;4585
718;18/12/2012;4;1;12;0;2;1;1;16,844153;14,834068;0,409708;66,625;433;5124;5557
719;19/12/2012;4;1;12;0;3;1;1;13,6325;12,334164;0,342162;62,5417;333;4934;5267
720;20/12/2012;4;1;12;0;4;1;2;13,53;8,875021;0,335217;66,7917;314;3814;4128
721;21/12/2012;1;1;12;0;5;1;2;13,393347;25,083661;0,301767;55,6667;221;3402;3623
722;22/12/2012;1;1;12;0;6;0;1;10,899153;27,292182;0,236113;44,125;205;1544;1749
723;23/12/2012;1;1;12;0;0;0;1;10,079153;8,916561;0,259471;51,5417;408;1379;1787
724;24/12/2012;1;1;12;0;1;1;2;9,483464;5,1744368;0,2589;79,1304;174;746;920
725;25/12/2012;1;1;12;1;2;0;2;11,943464;11,304642;0,294465;73,4783;440;573;1013
726;26/12/2012;1;1;12;0;3;1;3;9,976653;21,208582;0,220333;82,3333;9;432;441
727;27/12/2012;1;1;12;0;4;1;2;10,420847;23,458911;0,226642;65,2917;247;1867;2114
728;28/12/2012;1;1;12;0;5;1;2;10,386653;10,416557;0,255046;59;644;2451;3095
729;29/12/2012;1;1;12;0;6;0;2;10,386653;8,333661;0,2424;75,2917;159;1182;1341
730;30/12/2012;1;1;12;0;0;0;1;10,489153;23,500518;0,2317;48,3333;364;1432;1796
731;31/12/2012;1;1;12;0;1;1;2;8,849153;10,374682;0,223487;57,75;439;2290;2729